GRB start,GRB end,GRB theta,GRB phi,GRB fluence,UTC
306,316,45.66627366143245,-31.493301723243338,4e-05,01_26_2022_02_01_54.583301
