GRB start,GRB end,GRB theta,GRB phi,GRB fluence,UTC
281,291,144.27605473278,52.42983420344991,4e-06,01_26_2022_02_01_54.583301
